1;Primeira postagem;10;2;2023-12-13T15:51:33.072Z;1
2;Segunda postagem;15;3;2023-12-13T15:51:33.072Z;3
3;Terceira postagem;5;1;2023-12-13T15:51:33.072Z;1
4;Quarta postagem;20;4;2023-12-13T15:51:33.072Z;4
5;Quinta postagem;8;2;2023-12-13T15:51:33.072Z;5
6;Sexta postagem;12;3;2023-12-13T15:51:33.072Z;1
7;Sétima postagem;6;1;2023-12-13T15:51:33.072Z;7
8;Oitava postagem;18;4;2023-12-13T15:51:33.072Z;8
9;Nona postagem;7;2;2023-12-13T15:51:33.072Z;1
10;Décima postagem;10;3;2023-12-13T15:51:33.072Z;1
11;Décima primeira postagem;12;2;2023-12-13T15:51:33.072Z;1
12;Décima segunda postagem;5;1;2023-12-13T15:51:33.072Z;12
13;Décima terceira postagem;20;4;2023-12-13T15:51:33.072Z;13
14;Décima quarta postagem;9;2;2023-12-13T15:51:33.072Z;14
15;Décima quinta postagem;14;3;2023-12-13T15:51:33.072Z;15
16;Décima sexta postagem;6;1;2023-12-13T15:51:33.072Z;16
17;Décima sétima postagem;22;4;2023-12-13T15:51:33.072Z;17
18;Décima oitava postagem;11;2;2023-12-13T15:51:33.072Z;18
19;Décima nona postagem;8;3;2023-12-13T15:51:33.072Z;19
20;Vigésima postagem;13;2;2023-12-13T15:51:33.072Z;20
21;Vigésima primeira postagem;4;1;2023-12-13T15:51:33.072Z;21
23;Vigésima terceira postagem;9;2;2023-12-13T15:51:33.072Z;23
24;Vigésima quarta postagem;16;3;2023-12-13T15:51:33.073Z;24
25;Vigésima quinta postagem;7;1;2023-12-13T15:51:33.073Z;25
26;Vigésima sexta postagem;18;2;2023-12-13T15:51:33.073Z;26
27;Vigésima sétima postagem;5;3;2023-12-13T15:51:33.073Z;27
28;Vigésima oitava postagem;19;4;2023-12-13T15:51:33.073Z;28
29;Vigésima nona postagem;11;2;2023-12-13T15:51:33.073Z;29
30;Trigésima postagem;14;3;2023-12-13T15:51:33.073Z;30
31;Trigésima primeira postagem;3;1;2023-12-13T15:51:33.073Z;31
32;Trigésima segunda postagem;28;4;2023-12-13T15:51:33.073Z;32
33;Trigésima terceira postagem;12;2;2023-12-13T15:51:33.073Z;33
34;Trigésima quarta postagem;15;3;2023-12-13T15:51:33.073Z;34
35;Trigésima quinta postagem;7;1;2023-12-13T15:51:33.073Z;35